[{"Name":"Space Sketchbook","ShortName":"\u0421\u043A\u0435\u0442\u0447\u0431\u0443\u043A","ImagePath":"C:\\Users\\Maria\\source\\repos\\OOP_4sem\\Lab 4\\Lab 4\\Images\\sketch1.jpg","Price":5,"Category":1,"InStock":true},{"Name":"POSCA Markers","ShortName":"Markers","ImagePath":"C:\\Users\\Maria\\source\\repos\\OOP_4sem\\Lab 4\\Lab 4\\Images\\markers1.jpg","Price":30,"Category":2,"InStock":false},{"Name":"Acrylic Markers","ShortName":"Markers","ImagePath":"C:\\Users\\Maria\\source\\repos\\OOP_4sem\\Lab 4\\Lab 4\\Images\\markers2.jpg","Price":8.8,"Category":2,"InStock":true},{"Name":"Moon Sketchbook","ShortName":"Sketchbook","ImagePath":"C:\\Users\\Maria\\source\\repos\\OOP_4sem\\Lab 4\\Lab 4\\Images\\sketch2.jpg","Price":25,"Category":1,"InStock":true},{"Name":"Molbert Igor","ShortName":"Molbert","ImagePath":"C:\\Users\\Maria\\source\\repos\\OOP_4sem\\Lab 4\\Lab 4\\Images\\molbert1.jpg","Price":40,"Category":0,"InStock":true},{"Name":"Sketchbook Basic","ShortName":"Sketchbook","ImagePath":"C:\\Users\\Maria\\source\\repos\\OOP_4sem\\Lab 4\\Lab 4\\Images\\sketch3.jpg","Price":15,"Category":1,"InStock":true},{"Name":"Synthetic Brushes","ShortName":"Brushes","ImagePath":"C:\\Users\\Maria\\source\\repos\\OOP_4sem\\Lab 4\\Lab 4\\Images\\brushes1.jpg","Price":10,"Category":2,"InStock":true},{"Name":"Natural Brushes","ShortName":"Brushes","ImagePath":"C:\\Users\\Maria\\source\\repos\\OOP_4sem\\Lab 4\\Lab 4\\Images\\brushes2.jpg","Price":100,"Category":2,"InStock":true},{"Name":"\u0421\u0432\u043E\u0439\u041F\u0440\u043E\u0434\u0443\u043A\u0442","ShortName":"\u0440\u0443","ImagePath":"../../Images/noimg.png","Price":55,"Category":1,"InStock":false},{"Name":"\u0441\u0442\u042B\u043A\u0435\u0440","ShortName":"\u0434\u043F\u0436\u0436","ImagePath":"../../Images/noimg.png","Price":90,"Category":1,"InStock":false}]